{
    "scan_range": {
        "x": [
            -0.8528925619834713,
            -0.3900826446280994
        ],
        "y": [
            -0.9024793388429755,
            -0.40661157024793415
        ]
    },
    "resolution": {
        "x": 12,
        "y": 12
    },
    "dwell_time": 0.1,
    "scan_mode": "realtime",
    "hardware": {
        "sample_rate": 1000,
        "samples_per_point": 10,
        "settling_time": 0.001
    },
    "visualization": {
        "colormap": "viridis",
        "update_interval": 50
    }
}