{
    "scan_range": {
        "x": [
            -0.5555555555555556,
            0.5555555555555554
        ],
        "y": [
            -0.5555555555555556,
            0.5555555555555554
        ]
    },
    "resolution": {
        "x": 10,
        "y": 10
    },
    "dwell_time": 0.1,
    "scan_mode": "realtime",
    "hardware": {
        "sample_rate": 1000,
        "samples_per_point": 10,
        "settling_time": 0.001
    },
    "visualization": {
        "colormap": "viridis",
        "update_interval": 50
    }
}