{
    "scan_range": {
        "x": [
            -0.2777777777777778,
            0.16666666666666663
        ],
        "y": [
            0.33333333333333326,
            0.33333333333333326
        ]
    },
    "resolution": {
        "x": 10,
        "y": 10
    },
    "dwell_time": 0.1
}