{
    "scan_range": {
        "x": [
            -0.5206611570247933,
            0.4049586776859505
        ],
        "y": [
            -0.4049586776859504,
            0.2892561983471076
        ]
    },
    "resolution": {
        "x": 12,
        "y": 12
    },
    "dwell_time": 0.1,
    "scan_mode": "realtime",
    "hardware": {
        "sample_rate": 1000,
        "samples_per_point": 10,
        "settling_time": 0.001
    },
    "visualization": {
        "colormap": "viridis",
        "update_interval": 50
    }
}